業種コード1,業種コード2,業種コード3,業種名1,業種名2,業種名3
01,0101,0101001,グルメ,和食,懐石料理
01,0101,0101002,グルメ,和食,会席料理
01,0101,0101003,グルメ,和食,割ぽう
01,0101,0101004,グルメ,和食,料亭
01,0101,0101005,グルメ,和食,小料理
01,0101,0101006,グルメ,和食,精進料理
01,0101,0101007,グルメ,和食,京料理
01,0101,0101008,グルメ,和食,豆腐料理
01,0101,0101009,グルメ,和食,ゆば料理
01,0101,0101010,グルメ,和食,おばんざい
01,0101,0101011,グルメ,和食,日本料理
01,0101,0101012,グルメ,和食,握り寿司
01,0101,0101013,グルメ,和食,回転寿司
01,0101,0101014,グルメ,和食,天ぷら、揚げ物
01,0101,0101015,グルメ,和食,とんかつ
01,0101,0101016,グルメ,和食,フライ
01,0101,0101017,グルメ,和食,そば
01,0101,0101018,グルメ,和食,うどん
01,0101,0101019,グルメ,和食,味噌煮込みうどん
01,0101,0101020,グルメ,和食,沖縄そば
01,0101,0101021,グルメ,和食,すき焼き
01,0101,0101022,グルメ,和食,しゃぶしゃぶ
01,0101,0101023,グルメ,和食,うなぎ
01,0101,0101024,グルメ,和食,どじょう
01,0101,0101025,グルメ,和食,焼き鳥
01,0101,0101026,グルメ,和食,串焼き
01,0101,0101027,グルメ,和食,鳥料理
01,0101,0101028,グルメ,和食,おでん
01,0101,0101029,グルメ,和食,お好み焼き、たこ焼き
01,0101,0101030,グルメ,和食,もんじゃ焼き
01,0101,0101031,グルメ,和食,丼もの、牛丼、親子丼
01,0101,0101032,グルメ,和食,沖縄料理
01,0101,0101033,グルメ,和食,郷土料理
01,0101,0101034,グルメ,和食,海鮮料理
01,0101,0101035,グルメ,和食,ふぐ料理
01,0101,0101036,グルメ,和食,かに料理
01,0101,0101037,グルメ,和食,すっぽん料理
01,0101,0101038,グルメ,和食,あんこう料理
01,0101,0101039,グルメ,和食,川魚料理
01,0101,0101040,グルメ,和食,牡蠣料理
01,0101,0101041,グルメ,和食,豚肉料理
01,0101,0101042,グルメ,和食,牛肉料理
01,0101,0101043,グルメ,和食,馬肉料理
01,0101,0101044,グルメ,和食,炭火焼き
01,0101,0101045,グルメ,和食,鉄板焼き
01,0101,0101046,グルメ,和食,牛タン料理
01,0101,0101047,グルメ,和食,もつ料理
01,0101,0101048,グルメ,和食,釜飯
01,0101,0101049,グルメ,和食,くじら料理
01,0101,0101050,グルメ,和食,炉端焼き
01,0101,0101051,グルメ,和食,野菜料理
01,0101,0101052,グルメ,和食,にんにく料理
01,0101,0101053,グルメ,和食,和食（その他）
01,0102,0102001,グルメ,洋食,ステーキ、ハンバーグ
01,0102,0102002,グルメ,洋食,パスタ、ピザ
01,0102,0102003,グルメ,洋食,ハンバーガー
01,0102,0102004,グルメ,洋食,洋食（その他）
01,0102,0102005,グルメ,洋食,フランス料理（フレンチ）
01,0102,0102006,グルメ,洋食,イタリア料理（イタリアン）
01,0102,0102007,グルメ,洋食,スペイン料理
01,0102,0102008,グルメ,洋食,ポルトガル料理
01,0102,0102009,グルメ,洋食,地中海料理
01,0102,0102010,グルメ,洋食,ドイツ料理
01,0102,0102011,グルメ,洋食,ロシア料理
01,0102,0102012,グルメ,洋食,スイス料理
01,0102,0102013,グルメ,洋食,ベルギー料理
01,0102,0102014,グルメ,洋食,アメリカ料理
01,0102,0102015,グルメ,洋食,カリフォルニア料理
01,0102,0102016,グルメ,洋食,ケイジャン料理
01,0102,0102017,グルメ,洋食,オセアニア料理
01,0102,0102018,グルメ,洋食,パシフィックリム料理
01,0102,0102019,グルメ,洋食,ハワイ料理
01,0102,0102020,グルメ,洋食,西洋各国料理
01,0102,0102021,グルメ,洋食,シーフード、オイスターバー
01,0102,0102022,グルメ,洋食,バーベキュー
01,0103,0103001,グルメ,バイキング,バイキング
01,0104,0104001,グルメ,中華,中華料理
01,0104,0104002,グルメ,中華,北京料理
01,0104,0104003,グルメ,中華,上海料理
01,0104,0104004,グルメ,中華,広東料理
01,0104,0104005,グルメ,中華,四川料理
01,0104,0104006,グルメ,中華,台湾料理
01,0104,0104007,グルメ,中華,香港料理
01,0104,0104008,グルメ,中華,餃子
01,0104,0104009,グルメ,中華,飲茶、点心
01,0105,0105001,グルメ,アジア料理、エスニック,韓国料理、朝鮮料理
01,0105,0105002,グルメ,アジア料理、エスニック,アフリカ料理
01,0105,0105003,グルメ,アジア料理、エスニック,タイ料理
01,0105,0105004,グルメ,アジア料理、エスニック,ベトナム料理
01,0105,0105005,グルメ,アジア料理、エスニック,インドネシア料理
01,0105,0105006,グルメ,アジア料理、エスニック,インド料理
01,0105,0105007,グルメ,アジア料理、エスニック,ネパール料理
01,0105,0105008,グルメ,アジア料理、エスニック,パキスタン料理
01,0105,0105009,グルメ,アジア料理、エスニック,スリランカ料理
01,0105,0105010,グルメ,アジア料理、エスニック,トルコ料理
01,0105,0105011,グルメ,アジア料理、エスニック,中近東料理、アラビア料理
01,0105,0105012,グルメ,アジア料理、エスニック,メキシコ料理
01,0105,0105013,グルメ,アジア料理、エスニック,ブラジル料理
01,0105,0105014,グルメ,アジア料理、エスニック,アジア料理、エスニック（その他）
01,0106,0106001,グルメ,ラーメン,ラーメン
01,0106,0106002,グルメ,ラーメン,つけ麺
01,0107,0107001,グルメ,カレー,カレー
01,0107,0107002,グルメ,カレー,スープカレー
01,0107,0107003,グルメ,カレー,欧風カレー
01,0107,0107004,グルメ,カレー,インドカレー
01,0107,0107005,グルメ,カレー,タイカレー
01,0108,0108001,グルメ,焼肉、ホルモン、ジンギスカン,焼肉
01,0108,0108002,グルメ,焼肉、ホルモン、ジンギスカン,ジンギスカン
01,0108,0108003,グルメ,焼肉、ホルモン、ジンギスカン,ホルモン
01,0109,0109001,グルメ,鍋,鍋料理
01,0110,0110001,グルメ,居酒屋、ビアホール,和風居酒屋
01,0110,0110002,グルメ,居酒屋、ビアホール,洋風居酒屋
01,0110,0110003,グルメ,居酒屋、ビアホール,アジア居酒屋、無国籍居酒屋
01,0110,0110004,グルメ,居酒屋、ビアホール,立ち飲み居酒屋
01,0110,0110005,グルメ,居酒屋、ビアホール,ビアホール
01,0110,0110006,グルメ,居酒屋、ビアホール,ビアレストラン
01,0111,0111001,グルメ,定食、食堂,定食、食堂
01,0112,0112001,グルメ,創作料理、無国籍料理,創作料理
01,0112,0112002,グルメ,創作料理、無国籍料理,無国籍料理
01,0113,0113001,グルメ,自然食、薬膳、オーガニック,自然食
01,0113,0113002,グルメ,自然食、薬膳、オーガニック,薬膳
01,0113,0113003,グルメ,自然食、薬膳、オーガニック,オーガニック
01,0114,0114001,グルメ,持ち帰り、宅配,持ち帰り専門、弁当
01,0114,0114002,グルメ,持ち帰り、宅配,配達専門、宅配ピザ
01,0114,0114003,グルメ,持ち帰り、宅配,仕出し料理
01,0115,0115001,グルメ,カフェ、喫茶店,カフェ
01,0115,0115002,グルメ,カフェ、喫茶店,喫茶店
01,0115,0115003,グルメ,カフェ、喫茶店,カフェバー
01,0115,0115004,グルメ,カフェ、喫茶店,インターネットカフェ
01,0115,0115005,グルメ,カフェ、喫茶店,シアトルカフェ
01,0115,0115006,グルメ,カフェ、喫茶店,複合カフェ
01,0115,0115007,グルメ,カフェ、喫茶店,ドッグカフェ
01,0115,0115008,グルメ,カフェ、喫茶店,猫カフェ
01,0115,0115009,グルメ,カフェ、喫茶店,ギャラリーカフェ
01,0115,0115010,グルメ,カフェ、喫茶店,ブックカフェ
01,0115,0115011,グルメ,カフェ、喫茶店,マンガ喫茶
01,0115,0115012,グルメ,カフェ、喫茶店,軽食
01,0115,0115013,グルメ,カフェ、喫茶店,和風喫茶
01,0115,0115014,グルメ,カフェ、喫茶店,カラオケ喫茶
01,0116,0116001,グルメ,コーヒー、茶葉専門店,コーヒー専門店
01,0116,0116002,グルメ,コーヒー、茶葉専門店,紅茶専門店
01,0116,0116003,グルメ,コーヒー、茶葉専門店,中国茶専門店
01,0116,0116004,グルメ,コーヒー、茶葉専門店,日本茶専門店
01,0117,0117001,グルメ,パン、サンドイッチ,ベーカリー
01,0117,0117002,グルメ,パン、サンドイッチ,サンドイッチ
01,0117,0117003,グルメ,パン、サンドイッチ,ベーグル
01,0117,0117004,グルメ,パン、サンドイッチ,ホットドッグ
01,0117,0117005,グルメ,パン、サンドイッチ,パン、サンドイッチ（その他）
01,0118,0118001,グルメ,スイーツ,洋菓子、ケーキ
01,0118,0118002,グルメ,スイーツ,和菓子、甘味処、たい焼き
01,0118,0118003,グルメ,スイーツ,中華菓子
01,0118,0118004,グルメ,スイーツ,アイスクリーム、クレープ、パフェ
01,0119,0119001,グルメ,バー,バー
01,0119,0119002,グルメ,バー,ショットバー
01,0119,0119003,グルメ,バー,アイリッシュパブ
01,0119,0119004,グルメ,バー,ダイニングバー
01,0119,0119005,グルメ,バー,バル、バール
01,0119,0119006,グルメ,バー,ビアバー
01,0119,0119007,グルメ,バー,ワインバー
01,0119,0119008,グルメ,バー,焼酎バー
01,0119,0119009,グルメ,バー,レストランバー
01,0119,0119010,グルメ,バー,ダーツバー
01,0119,0119011,グルメ,バー,ゴルフバー
01,0120,0120001,グルメ,パブ、スナック,パブ
01,0120,0120002,グルメ,パブ、スナック,スナック
01,0120,0120003,グルメ,パブ、スナック,クラブ
01,0120,0120004,グルメ,パブ、スナック,ラウンジ
01,0121,0121001,グルメ,ディスコ、クラブハウス,ディスコ
01,0121,0121002,グルメ,ディスコ、クラブハウス,クラブハウス
01,0122,0122001,グルメ,ビアガーデン,ビアガーデン
01,0123,0123001,グルメ,ファミレス、ファストフード,ファミレス
01,0123,0123002,グルメ,ファミレス、ファストフード,ファストフード
01,0123,0123003,グルメ,ファミレス、ファストフード,ファストカジュアル
01,0124,0124001,グルメ,パーティー、カラオケ,パーティースペース、宴会場
01,0124,0124002,グルメ,パーティー、カラオケ,カラオケボックス
01,0125,0125001,グルメ,屋形船、クルージング,屋形船
01,0125,0125002,グルメ,屋形船、クルージング,クルージング
01,0126,0126001,グルメ,テーマパークレストラン,テーマパークレストラン
01,0126,0126002,グルメ,テーマパークレストラン,アミューズメントレストラン
01,0127,0127001,グルメ,オーベルジュ,オーベルジュ
01,0128,0128001,グルメ,その他,その他
02,0201,0201001,ショッピング,メガネ、コンタクトレンズ,メガネ、コンタクトレンズ
02,0202,0202001,ショッピング,ドラッグストア、市販薬,ドラッグストア
02,0202,0202002,ショッピング,ドラッグストア、市販薬,漢方
02,0202,0202003,ショッピング,ドラッグストア、市販薬,家庭用医療機器
02,0202,0202004,ショッピング,ドラッグストア、市販薬,医療用品
02,0202,0202005,ショッピング,ドラッグストア、市販薬,ドラッグストア、市販薬（その他）
02,0203,0203001,ショッピング,家電、携帯電話,電化製品
02,0203,0203002,ショッピング,家電、携帯電話,家電量販店
02,0203,0203003,ショッピング,家電、携帯電話,携帯電話
02,0203,0203004,ショッピング,家電、携帯電話,パソコン
02,0204,0204001,ショッピング,百貨店、ショッピングセンター,デパート、百貨店
02,0204,0204002,ショッピング,百貨店、ショッピングセンター,ショッピングセンター
02,0204,0204003,ショッピング,百貨店、ショッピングセンター,アウトレットショップ
02,0204,0204004,ショッピング,百貨店、ショッピングセンター,ホームセンター
02,0204,0204005,ショッピング,百貨店、ショッピングセンター,商店街
02,0205,0205001,ショッピング,コンビニ、スーパー,コンビニ
02,0205,0205002,ショッピング,コンビニ、スーパー,スーパー
02,0206,0206001,ショッピング,リサイクル、ディスカウントショップ,リサイクルショップ
02,0206,0206002,ショッピング,リサイクル、ディスカウントショップ,ディスカウントショップ
02,0206,0206003,ショッピング,リサイクル、ディスカウントショップ,金券ショップ
02,0207,0207001,ショッピング,生活用品、インテリア,ふとん、寝具
02,0207,0207002,ショッピング,生活用品、インテリア,日用雑貨
02,0207,0207003,ショッピング,生活用品、インテリア,文房具、事務用品
02,0207,0207004,ショッピング,生活用品、インテリア,家具
02,0207,0207005,ショッピング,生活用品、インテリア,インテリア用品
02,0207,0207006,ショッピング,生活用品、インテリア,印鑑、印章
02,0207,0207007,ショッピング,生活用品、インテリア,フラワーショップ
02,0207,0207008,ショッピング,生活用品、インテリア,100円ショップ
02,0207,0207009,ショッピング,生活用品、インテリア,作業服
02,0207,0207010,ショッピング,生活用品、インテリア,生活用品、インテリア（その他）
02,0208,0208001,ショッピング,趣味、スポーツ、工芸,CD、DVD、ビデオ
02,0208,0208002,ショッピング,趣味、スポーツ、工芸,書店
02,0208,0208003,ショッピング,趣味、スポーツ、工芸,おもちゃ
02,0208,0208004,ショッピング,趣味、スポーツ、工芸,たばこ
02,0208,0208005,ショッピング,趣味、スポーツ、工芸,スポーツ用品
02,0208,0208006,ショッピング,趣味、スポーツ、工芸,ゴルフ用品
02,0208,0208007,ショッピング,趣味、スポーツ、工芸,武道具
02,0208,0208008,ショッピング,趣味、スポーツ、工芸,趣味、スポーツ、工芸（その他）
02,0209,0209001,ショッピング,ファッション、アクセサリー、時計,衣料品店
02,0209,0209002,ショッピング,ファッション、アクセサリー、時計,婦人服、ブティック
02,0209,0209003,ショッピング,ファッション、アクセサリー、時計,呉服、和装小物
02,0209,0209004,ショッピング,ファッション、アクセサリー、時計,紳士服
02,0209,0209005,ショッピング,ファッション、アクセサリー、時計,子ども服、ベビー服
02,0209,0209006,ショッピング,ファッション、アクセサリー、時計,マタニティー
02,0209,0209007,ショッピング,ファッション、アクセサリー、時計,学生服、制服
02,0209,0209008,ショッピング,ファッション、アクセサリー、時計,ジーンズショップ
02,0209,0209009,ショッピング,ファッション、アクセサリー、時計,フォーマルウエア
02,0209,0209010,ショッピング,ファッション、アクセサリー、時計,下着、ランジェリー
02,0209,0209011,ショッピング,ファッション、アクセサリー、時計,毛皮
02,0209,0209012,ショッピング,ファッション、アクセサリー、時計,靴、履物
02,0209,0209013,ショッピング,ファッション、アクセサリー、時計,かばん、ハンドバッグ
02,0209,0209014,ショッピング,ファッション、アクセサリー、時計,古着、リサイクル
02,0209,0209015,ショッピング,ファッション、アクセサリー、時計,宝石、貴金属、真珠
02,0209,0209016,ショッピング,ファッション、アクセサリー、時計,アクセサリー
02,0209,0209017,ショッピング,ファッション、アクセサリー、時計,時計
02,0209,0209018,ショッピング,ファッション、アクセサリー、時計,ファッション、アクセサリー、時計（その他）
02,0210,0210001,ショッピング,食品、食材,酒店
02,0210,0210002,ショッピング,食品、食材,米、米店
02,0210,0210003,ショッピング,食品、食材,鮮魚店
02,0210,0210004,ショッピング,食品、食材,果物、フルーツショップ
02,0210,0210005,ショッピング,食品、食材,卵、食肉
02,0210,0210006,ショッピング,食品、食材,健康食品
02,0210,0210007,ショッピング,食品、食材,海産物
02,0210,0210008,ショッピング,食品、食材,総菜
02,0210,0210009,ショッピング,食品、食材,自然食品
02,0210,0210010,ショッピング,食品、食材,コーヒー豆
02,0210,0210011,ショッピング,食品、食材,中華食材
02,0210,0210012,ショッピング,食品、食材,牛乳
02,0210,0210013,ショッピング,食品、食材,食品、食材（その他）
02,0211,0211001,ショッピング,通信販売,通信販売
03,0301,0301001,レジャー、エンタメ,スポーツ,スポーツ施設
03,0301,0301002,レジャー、エンタメ,スポーツ,野球場
03,0301,0301003,レジャー、エンタメ,スポーツ,サッカー場
03,0301,0301004,レジャー、エンタメ,スポーツ,ゴルフ場
03,0301,0301005,レジャー、エンタメ,スポーツ,ゴルフ練習場
03,0301,0301006,レジャー、エンタメ,スポーツ,テニスコート
03,0301,0301007,レジャー、エンタメ,スポーツ,ボウリング場
03,0301,0301008,レジャー、エンタメ,スポーツ,ダイビングショップ
03,0301,0301009,レジャー、エンタメ,スポーツ,サーフショップ
03,0301,0301010,レジャー、エンタメ,スポーツ,モータースポーツ
03,0301,0301011,レジャー、エンタメ,スポーツ,スキー、スノーボード
03,0301,0301012,レジャー、エンタメ,スポーツ,レンタルスキー、スノーボード
03,0301,0301013,レジャー、エンタメ,スポーツ,スポーツ（その他）
03,0302,0302002,レジャー、エンタメ,麻雀、ゲームセンター,麻雀
03,0302,0302003,レジャー、エンタメ,麻雀、ゲームセンター,ゲームセンター
03,0303,0303001,レジャー、エンタメ,レジャー、趣味,遊園地、テーマパーク
03,0303,0303002,レジャー、エンタメ,レジャー、趣味,動物園
03,0303,0303003,レジャー、エンタメ,レジャー、趣味,水族館
03,0303,0303004,レジャー、エンタメ,レジャー、趣味,植物園
03,0303,0303005,レジャー、エンタメ,レジャー、趣味,海水浴場、遊泳場
03,0303,0303006,レジャー、エンタメ,レジャー、趣味,キャンプ場
03,0303,0303007,レジャー、エンタメ,レジャー、趣味,アウトドア
03,0303,0303008,レジャー、エンタメ,レジャー、趣味,ボート、ヨット
03,0303,0303009,レジャー、エンタメ,レジャー、趣味,釣り堀、釣り船
03,0303,0303010,レジャー、エンタメ,レジャー、趣味,プール
03,0303,0303011,レジャー、エンタメ,レジャー、趣味,観光農園
03,0303,0303012,レジャー、エンタメ,レジャー、趣味,ビリヤード
03,0303,0303013,レジャー、エンタメ,レジャー、趣味,レジャー、趣味（その他）
03,0304,0304001,レジャー、エンタメ,ホテル、旅館,ホテル
03,0304,0304002,レジャー、エンタメ,ホテル、旅館,旅館
03,0304,0304003,レジャー、エンタメ,ホテル、旅館,民宿
03,0304,0304004,レジャー、エンタメ,ホテル、旅館,ビジネスホテル
03,0304,0304005,レジャー、エンタメ,ホテル、旅館,ペンション
03,0304,0304006,レジャー、エンタメ,ホテル、旅館,保養所
03,0304,0304007,レジャー、エンタメ,ホテル、旅館,公共の宿
03,0304,0304008,レジャー、エンタメ,ホテル、旅館,貸別荘
03,0304,0304009,レジャー、エンタメ,ホテル、旅館,ラブホテル
03,0304,0304010,レジャー、エンタメ,ホテル、旅館,宿泊施設（その他）
03,0305,0305001,レジャー、エンタメ,エンタメ、映画館、美術館,映画館
03,0305,0305002,レジャー、エンタメ,エンタメ、映画館、美術館,美術館
03,0305,0305003,レジャー、エンタメ,エンタメ、映画館、美術館,博物館、科学館
03,0305,0305004,レジャー、エンタメ,エンタメ、映画館、美術館,コンサートホール
03,0305,0305005,レジャー、エンタメ,エンタメ、映画館、美術館,ライブハウス
03,0305,0305006,レジャー、エンタメ,エンタメ、映画館、美術館,画廊
03,0305,0305007,レジャー、エンタメ,エンタメ、映画館、美術館,公園
03,0306,0306001,レジャー、エンタメ,交通、レンタカー,タクシー
03,0306,0306002,レジャー、エンタメ,交通、レンタカー,レンタカー
03,0306,0306003,レジャー、エンタメ,交通、レンタカー,運転代行サービス
03,0306,0306004,レジャー、エンタメ,交通、レンタカー,バス
03,0306,0306005,レジャー、エンタメ,交通、レンタカー,駐車場
03,0306,0306006,レジャー、エンタメ,交通、レンタカー,鉄道、駅
03,0306,0306007,レジャー、エンタメ,交通、レンタカー,海運、遊覧船
03,0306,0306008,レジャー、エンタメ,交通、レンタカー,航空会社
03,0306,0306009,レジャー、エンタメ,交通、レンタカー,交通、レンタカー（その他）
03,0306,0306010,レジャー、エンタメ,交通、レンタカー,駐輪場
03,0307,0307001,レジャー、エンタメ,旅行サービス,旅行代理店
03,0307,0307002,レジャー、エンタメ,旅行サービス,観光案内
03,0307,0307003,レジャー、エンタメ,旅行サービス,道の駅
03,0307,0307004,レジャー、エンタメ,旅行サービス,パーキングエリア
03,0307,0307005,レジャー、エンタメ,旅行サービス,ドライブイン
03,0307,0307006,レジャー、エンタメ,旅行サービス,旅行サービス（その他）
03,0308,0308001,レジャー、エンタメ,パチンコ、パチスロ,パチンコ、パチスロ
04,0401,0401001,暮らし、生活,病院、診療所,歯科
04,0401,0401002,暮らし、生活,病院、診療所,内科
04,0401,0401003,暮らし、生活,病院、診療所,小児科
04,0401,0401004,暮らし、生活,病院、診療所,整形外科
04,0401,0401005,暮らし、生活,病院、診療所,胃腸科
04,0401,0401006,暮らし、生活,病院、診療所,外科
04,0401,0401007,暮らし、生活,病院、診療所,眼科
04,0401,0401008,暮らし、生活,病院、診療所,皮膚科
04,0401,0401009,暮らし、生活,病院、診療所,耳鼻咽喉科
04,0401,0401010,暮らし、生活,病院、診療所,産婦人科
04,0401,0401011,暮らし、生活,病院、診療所,循環器科
04,0401,0401012,暮らし、生活,病院、診療所,神経科
04,0401,0401013,暮らし、生活,病院、診療所,リハビリテーション科
04,0401,0401014,暮らし、生活,病院、診療所,歯科口腔外科
04,0401,0401015,暮らし、生活,病院、診療所,泌尿器科
04,0401,0401016,暮らし、生活,病院、診療所,肛門科
04,0401,0401017,暮らし、生活,病院、診療所,呼吸器科
04,0401,0401018,暮らし、生活,病院、診療所,心療内科
04,0401,0401019,暮らし、生活,病院、診療所,アレルギー科
04,0401,0401020,暮らし、生活,病院、診療所,脳神経外科
04,0401,0401021,暮らし、生活,病院、診療所,美容外科
04,0401,0401022,暮らし、生活,病院、診療所,リウマチ科
04,0401,0401023,暮らし、生活,病院、診療所,神経内科
04,0401,0401024,暮らし、生活,病院、診療所,形成外科
04,0401,0401025,暮らし、生活,病院、診療所,放射線科
04,0401,0401026,暮らし、生活,病院、診療所,麻酔科
04,0401,0401027,暮らし、生活,病院、診療所,性病科
04,0401,0401028,暮らし、生活,病院、診療所,消化器科
04,0401,0401029,暮らし、生活,病院、診療所,精神科
04,0401,0401030,暮らし、生活,病院、診療所,呼吸器外科
04,0401,0401031,暮らし、生活,病院、診療所,心臓血管外科
04,0401,0401032,暮らし、生活,病院、診療所,小児外科
04,0401,0401033,暮らし、生活,病院、診療所,産科
04,0401,0401034,暮らし、生活,病院、診療所,婦人科
04,0401,0401035,暮らし、生活,病院、診療所,気管食道科
04,0401,0401036,暮らし、生活,病院、診療所,矯正歯科
04,0401,0401037,暮らし、生活,病院、診療所,小児歯科
04,0401,0401038,暮らし、生活,病院、診療所,血液内科
04,0401,0401039,暮らし、生活,病院、診療所,消化器外科
04,0401,0401040,暮らし、生活,病院、診療所,腎臓内科
04,0401,0401041,暮らし、生活,病院、診療所,肝臓科
04,0401,0401042,暮らし、生活,病院、診療所,内視鏡科
04,0401,0401043,暮らし、生活,病院、診療所,腹部外科
04,0401,0401044,暮らし、生活,病院、診療所,胸部外科
04,0401,0401045,暮らし、生活,病院、診療所,内分泌科
04,0401,0401046,暮らし、生活,病院、診療所,人工透析科 
04,0401,0401047,暮らし、生活,病院、診療所,人間ドック施設
04,0401,0401048,暮らし、生活,病院、診療所,大学病院
04,0401,0401049,暮らし、生活,病院、診療所,総合病院
04,0402,0402001,暮らし、生活,薬局,薬局
04,0403,0403001,暮らし、生活,マッサージ、整体、治療院,接骨、整骨、整復
04,0403,0403002,暮らし、生活,マッサージ、整体、治療院,はり、きゅう
04,0403,0403003,暮らし、生活,マッサージ、整体、治療院,整体、マッサージ
04,0403,0403004,暮らし、生活,マッサージ、整体、治療院,カイロプラクティック
04,0403,0403005,暮らし、生活,マッサージ、整体、治療院,視力回復センター
04,0403,0403006,暮らし、生活,マッサージ、整体、治療院,マッサージ、整体、治療院（その他）
04,0404,0404001,暮らし、生活,介護、福祉,福祉施設
04,0404,0404002,暮らし、生活,介護、福祉,老人福祉施設、有料老人ホーム
04,0404,0404003,暮らし、生活,介護、福祉,在宅介護サービス
04,0404,0404004,暮らし、生活,介護、福祉,介護施設
04,0404,0404005,暮らし、生活,介護、福祉,グループホーム
04,0404,0404006,暮らし、生活,介護、福祉,介護、福祉（その他）
04,0405,0405001,暮らし、生活,趣味、習い事,カルチャーセンター
04,0405,0405002,暮らし、生活,趣味、習い事,スポーツ教室
04,0405,0405003,暮らし、生活,趣味、習い事,スポーツクラブ
04,0405,0405004,暮らし、生活,趣味、習い事,ダイビングスクール
04,0405,0405005,暮らし、生活,趣味、習い事,スイミングスクール
04,0405,0405006,暮らし、生活,趣味、習い事,テニススクール
04,0405,0405007,暮らし、生活,趣味、習い事,空手道場
04,0405,0405008,暮らし、生活,趣味、習い事,陶芸教室
04,0405,0405009,暮らし、生活,趣味、習い事,絵画教室
04,0405,0405010,暮らし、生活,趣味、習い事,ガラス工芸教室
04,0405,0405011,暮らし、生活,趣味、習い事,華道教室
04,0405,0405012,暮らし、生活,趣味、習い事,茶道教室
04,0405,0405013,暮らし、生活,趣味、習い事,編み物教室
04,0405,0405015,暮らし、生活,趣味、習い事,ダンススクール、ダンス教室
04,0405,0405016,暮らし、生活,趣味、習い事,音楽教室
04,0405,0405017,暮らし、生活,趣味、習い事,ピアノ教室
04,0405,0405018,暮らし、生活,趣味、習い事,パソコン教室
04,0405,0405019,暮らし、生活,趣味、習い事,そろばん教室
04,0405,0405020,暮らし、生活,趣味、習い事,書道教室
04,0405,0405021,暮らし、生活,趣味、習い事,料理教室
04,0405,0405022,暮らし、生活,趣味、習い事,着付け教室
04,0405,0405023,暮らし、生活,趣味、習い事,バレエ教室
04,0405,0405024,暮らし、生活,趣味、習い事,写真、カメラ
04,0405,0405025,暮らし、生活,趣味、習い事,釣り
04,0405,0405026,暮らし、生活,趣味、習い事,楽器
04,0405,0405027,暮らし、生活,趣味、習い事,占い
04,0405,0405028,暮らし、生活,趣味、習い事,ダンス、舞踊
04,0405,0405029,暮らし、生活,趣味、習い事,囲碁、将棋
04,0405,0405030,暮らし、生活,趣味、習い事,模型
04,0405,0405031,暮らし、生活,趣味、習い事,趣味、習い事（その他）
04,0406,0406001,暮らし、生活,学校、大学、専門学校,小学校
04,0406,0406002,暮らし、生活,学校、大学、専門学校,中学校
04,0406,0406003,暮らし、生活,学校、大学、専門学校,高等学校
04,0406,0406004,暮らし、生活,学校、大学、専門学校,高等専門学校
04,0406,0406005,暮らし、生活,学校、大学、専門学校,大学
04,0406,0406006,暮らし、生活,学校、大学、専門学校,専修学校、専門学校
04,0406,0406007,暮らし、生活,学校、大学、専門学校,特別支援学校
04,0406,0406008,暮らし、生活,学校、大学、専門学校,大学院
04,0406,0406009,暮らし、生活,学校、大学、専門学校,短期大学
04,0406,0406010,暮らし、生活,学校、大学、専門学校,通信制大学
04,0406,0406011,暮らし、生活,学校、大学、専門学校,学校、大学、専門学校（その他）
04,0407,0407001,暮らし、生活,進学塾、予備校、各種学校,学習塾、進学教室
04,0407,0407002,暮らし、生活,進学塾、予備校、各種学校,予備校
04,0407,0407003,暮らし、生活,進学塾、予備校、各種学校,家庭教師
04,0407,0407004,暮らし、生活,進学塾、予備校、各種学校,英語学校
04,0407,0407005,暮らし、生活,進学塾、予備校、各種学校,英語以外の外国語学校
04,0407,0407006,暮らし、生活,進学塾、予備校、各種学校,日本語学校
04,0407,0407007,暮らし、生活,進学塾、予備校、各種学校,ビジネススクール
04,0407,0407008,暮らし、生活,進学塾、予備校、各種学校,通信教育
04,0407,0407009,暮らし、生活,進学塾、予備校、各種学校,フリースクール
04,0407,0407010,暮らし、生活,進学塾、予備校、各種学校,進学塾、予備校、各種学校（その他）
04,0408,0408001,暮らし、生活,保育園、幼稚園、育児,保育園
04,0408,0408002,暮らし、生活,保育園、幼稚園、育児,幼稚園
04,0408,0408003,暮らし、生活,保育園、幼稚園、育児,学童保育所
04,0408,0408004,暮らし、生活,保育園、幼稚園、育児,託児所
04,0408,0408005,暮らし、生活,保育園、幼稚園、育児,幼児教室
04,0408,0408006,暮らし、生活,保育園、幼稚園、育児,児童福祉施設
04,0408,0408007,暮らし、生活,保育園、幼稚園、育児,児童館
04,0408,0408008,暮らし、生活,保育園、幼稚園、育児,ベビーシッター
04,0408,0408009,暮らし、生活,保育園、幼稚園、育児,幼児教材
04,0408,0408010,暮らし、生活,保育園、幼稚園、育児,ベビー用品
04,0408,0408011,暮らし、生活,保育園、幼稚園、育児,保育園、幼稚園、育児（その他）
04,0409,0409001,暮らし、生活,住宅、不動産,不動産取引
04,0409,0409002,暮らし、生活,住宅、不動産,不動産鑑定
04,0409,0409003,暮らし、生活,住宅、不動産,アパート、マンション
04,0409,0409004,暮らし、生活,住宅、不動産,住宅展示場
04,0409,0409005,暮らし、生活,住宅、不動産,住宅販売
04,0409,0409006,暮らし、生活,住宅、不動産,アパート、マンション管理
04,0409,0409007,暮らし、生活,住宅、不動産,貸家
04,0409,0409008,暮らし、生活,住宅、不動産,住宅、不動産（その他）
04,0409,0409009,暮らし、生活,住宅、不動産,新築マンション
04,0409,0409010,暮らし、生活,住宅、不動産,新築一戸建て
04,0410,0410001,暮らし、生活,住宅設備,外構、造園業
04,0410,0410002,暮らし、生活,住宅設備,インテリア、リフォーム工事
04,0410,0410003,暮らし、生活,住宅設備,水道、配水管
04,0410,0410004,暮らし、生活,住宅設備,風呂釜、浴槽
04,0410,0410005,暮らし、生活,住宅設備,畳
04,0410,0410006,暮らし、生活,住宅設備,住宅設備、建設、建築工事
04,0410,0410007,暮らし、生活,住宅設備,住宅設備（その他）
04,0411,0411001,暮らし、生活,郵便局、宅配便,郵便、郵便局
04,0411,0411002,暮らし、生活,郵便局、宅配便,宅配便
04,0412,0412001,暮らし、生活,生活サービス,電話
04,0412,0412002,暮らし、生活,生活サービス,通信、インターネット
04,0412,0412003,暮らし、生活,生活サービス,テレビ、ラジオ
04,0412,0412004,暮らし、生活,生活サービス,新聞
04,0412,0412005,暮らし、生活,生活サービス,引越し
04,0412,0412006,暮らし、生活,生活サービス,ハウスクリーニング
04,0412,0412007,暮らし、生活,生活サービス,家電修理、取り付け
04,0412,0412008,暮らし、生活,生活サービス,便利業、代行サービス
04,0412,0412009,暮らし、生活,生活サービス,ごみ処理
04,0412,0412010,暮らし、生活,生活サービス,コインランドリー
04,0412,0412011,暮らし、生活,生活サービス,家具修理、再生
04,0412,0412012,暮らし、生活,生活サービス,ピアノ運送
04,0412,0412013,暮らし、生活,生活サービス,いす張り替え
04,0412,0412014,暮らし、生活,生活サービス,ピアノ調律
04,0412,0412015,暮らし、生活,生活サービス,白アリ駆除
04,0412,0412016,暮らし、生活,生活サービス,セキュリティー、防犯
04,0412,0412017,暮らし、生活,生活サービス,レンタルCD、DVD、ビデオ
04,0412,0412018,暮らし、生活,生活サービス,レンタルショップ
04,0412,0412019,暮らし、生活,生活サービス,ケーブルテレビ
04,0412,0412020,暮らし、生活,生活サービス,レンタルサイクル
04,0412,0412021,暮らし、生活,生活サービス,ガソリンスタンド
04,0412,0412022,暮らし、生活,生活サービス,鍵
04,0412,0412023,暮らし、生活,生活サービス,電気
04,0412,0412024,暮らし、生活,生活サービス,ガス
04,0412,0412025,暮らし、生活,生活サービス,靴修理
04,0412,0412026,暮らし、生活,生活サービス,リフォーム、仕立て直し
04,0412,0412027,暮らし、生活,生活サービス,クリーニング
04,0412,0412028,暮らし、生活,生活サービス,質店
04,0412,0412029,暮らし、生活,生活サービス,着付け
04,0412,0412030,暮らし、生活,生活サービス,貸衣装
04,0412,0412031,暮らし、生活,生活サービス,警備
04,0412,0412032,暮らし、生活,生活サービス,生活サービス（その他）
04,0413,0413001,暮らし、生活,自動車、バイク,自動車整備
04,0413,0413002,暮らし、生活,自動車、バイク,板金、塗装
04,0413,0413003,暮らし、生活,自動車、バイク,レッカー
04,0413,0413004,暮らし、生活,自動車、バイク,ロードサービス
04,0413,0413005,暮らし、生活,自動車、バイク,電装品販売、修理
04,0413,0413006,暮らし、生活,自動車、バイク,自動車解体
04,0413,0413007,暮らし、生活,自動車、バイク,教習所
04,0413,0413008,暮らし、生活,自動車、バイク,洗車場
04,0413,0413009,暮らし、生活,自動車、バイク,車検代行
04,0413,0413010,暮らし、生活,自動車、バイク,新車販売
04,0413,0413011,暮らし、生活,自動車、バイク,中古車販売
04,0413,0413012,暮らし、生活,自動車、バイク,中古車買い取り
04,0413,0413013,暮らし、生活,自動車、バイク,カー用品
04,0413,0413014,暮らし、生活,自動車、バイク,中古部品
04,0413,0413015,暮らし、生活,自動車、バイク,オートバイ販売
04,0413,0413016,暮らし、生活,自動車、バイク,オートバイ修理
04,0413,0413017,暮らし、生活,自動車、バイク,自動車、バイク（その他）
04,0414,0414001,暮らし、生活,結婚式場、結婚相談所,結婚式場
04,0414,0414002,暮らし、生活,結婚式場、結婚相談所,結婚相談所
04,0414,0414003,暮らし、生活,結婚式場、結婚相談所,ブライダルプロデュース
04,0415,0415001,暮らし、生活,葬祭、仏壇,葬祭業
04,0415,0415002,暮らし、生活,葬祭、仏壇,霊園
04,0415,0415003,暮らし、生活,葬祭、仏壇,墓石
04,0415,0415004,暮らし、生活,葬祭、仏壇,仏壇、仏具
04,0415,0415005,暮らし、生活,葬祭、仏壇,葬祭、仏壇（その他）
04,0416,0416001,暮らし、生活,銀行、保険、金融,保険業
04,0416,0416002,暮らし、生活,銀行、保険、金融,銀行
04,0416,0416003,暮らし、生活,銀行、保険、金融,信用金庫
04,0416,0416004,暮らし、生活,銀行、保険、金融,貸金業
04,0416,0416005,暮らし、生活,銀行、保険、金融,証券業
04,0416,0416006,暮らし、生活,銀行、保険、金融,労働金庫
04,0416,0416007,暮らし、生活,銀行、保険、金融,ゴルフ会員権
04,0416,0416008,暮らし、生活,銀行、保険、金融,銀行、保険、金融（その他）
04,0417,0417001,暮らし、生活,ペット、動物病院,動物病院、獣医師
04,0417,0417002,暮らし、生活,ペット、動物病院,ペットサロン、トリミング
04,0417,0417003,暮らし、生活,ペット、動物病院,ペットショップ、ペット用品
04,0417,0417004,暮らし、生活,ペット、動物病院,ペットホテル
04,0417,0417005,暮らし、生活,ペット、動物病院,ペット葬儀、ペット霊園
04,0417,0417006,暮らし、生活,ペット、動物病院,調教師、ペットしつけ
04,0417,0417007,暮らし、生活,ペット、動物病院,ペット、動物病院（その他）
04,0418,0418001,暮らし、生活,銭湯、浴場,銭湯
04,0418,0418002,暮らし、生活,銭湯、浴場,スーパー銭湯
04,0418,0418003,暮らし、生活,銭湯、浴場,健康ランド
04,0418,0418004,暮らし、生活,銭湯、浴場,温泉浴場
04,0418,0418005,暮らし、生活,銭湯、浴場,岩盤浴
04,0418,0418006,暮らし、生活,銭湯、浴場,サウナ
04,0419,0419001,暮らし、生活,美容、サロン,美容院
04,0419,0419002,暮らし、生活,美容、サロン,理容店
04,0419,0419003,暮らし、生活,美容、サロン,かつら、毛髪業
04,0419,0419004,暮らし、生活,美容、サロン,ヘアデザイナー
04,0419,0419005,暮らし、生活,美容、サロン,エステティックサロン
04,0419,0419006,暮らし、生活,美容、サロン,アロマセラピー
04,0419,0419007,暮らし、生活,美容、サロン,ネイルサロン
04,0419,0419008,暮らし、生活,美容、サロン,リフレクソロジー
04,0419,0419009,暮らし、生活,美容、サロン,美容アドバイザー
04,0419,0419010,暮らし、生活,美容、サロン,日焼けサロン
04,0419,0419011,暮らし、生活,美容、サロン,まつげ、アイラッシュ
04,0419,0419012,暮らし、生活,美容、サロン,リラクゼーション
04,0419,0419013,暮らし、生活,美容、サロン,メイク
04,0419,0419014,暮らし、生活,美容、サロン,美容、サロン（その他）
04,0420,0420001,暮らし、生活,専門職、弁護士、司法書士,税理士
04,0420,0420002,暮らし、生活,専門職、弁護士、司法書士,公認会計士
04,0420,0420003,暮らし、生活,専門職、弁護士、司法書士,司法書士
04,0420,0420004,暮らし、生活,専門職、弁護士、司法書士,行政書士
04,0420,0420005,暮らし、生活,専門職、弁護士、司法書士,弁護士
04,0420,0420006,暮らし、生活,専門職、弁護士、司法書士,社会保険労務士
04,0420,0420007,暮らし、生活,専門職、弁護士、司法書士,弁理士
04,0420,0420008,暮らし、生活,専門職、弁護士、司法書士,公証人
04,0420,0420009,暮らし、生活,専門職、弁護士、司法書士,経営コンサルタント
04,0420,0420010,暮らし、生活,専門職、弁護士、司法書士,ファイナンシャルプランナー
04,0420,0420011,暮らし、生活,専門職、弁護士、司法書士,信用調査、探偵
04,0420,0420012,暮らし、生活,専門職、弁護士、司法書士,翻訳、通訳
04,0420,0420013,暮らし、生活,専門職、弁護士、司法書士,専門職、弁護士、司法書士（その他）
04,0421,0421001,暮らし、生活,人材派遣,人材派遣
04,0421,0421002,暮らし、生活,人材派遣,人材紹介所
04,0421,0421003,暮らし、生活,人材派遣,看護師、家政婦紹介所
04,0421,0421004,暮らし、生活,人材派遣,人材派遣（その他）
04,0422,0422001,暮らし、生活,官公庁,国の機関
04,0422,0422002,暮らし、生活,官公庁,都道府県機関
04,0422,0422003,暮らし、生活,官公庁,市区町村機関
04,0422,0422004,暮らし、生活,官公庁,官公庁（その他）
04,0423,0423001,暮らし、生活,公共サービス、各種団体,消防機関
04,0423,0423002,暮らし、生活,公共サービス、各種団体,警察機関
04,0423,0423003,暮らし、生活,公共サービス、各種団体,裁判所
04,0423,0423004,暮らし、生活,公共サービス、各種団体,保健所
04,0423,0423005,暮らし、生活,公共サービス、各種団体,職業安定所
04,0423,0423006,暮らし、生活,公共サービス、各種団体,社会保険事務所
04,0423,0423007,暮らし、生活,公共サービス、各種団体,公民館、集会所
04,0423,0423008,暮らし、生活,公共サービス、各種団体,消費生活センター
04,0423,0423009,暮らし、生活,公共サービス、各種団体,公共サービス、各種団体（その他）
04,0424,0424001,暮らし、生活,寺院、神社,寺院
04,0424,0424002,暮らし、生活,寺院、神社,神社
04,0424,0424003,暮らし、生活,寺院、神社,教会
04,0424,0424004,暮らし、生活,寺院、神社,寺院、神社（その他）
04,0425,0425001,暮らし、生活,避難所、避難場所,避難所、避難場所
04,0425,0425002,暮らし、生活,避難所、避難場所,一時滞在施設
